City,Country,Lat,Lng,Max Temp,Humidity,Cloudiness,Wind Speed,Current Description
saint-joseph,RE,-21.3667,55.6167,302.1,80,96,3.41,light rain
oranzherei,RU,45.8476,47.5663,291.42,34,77,2.01,broken clouds
maldonado,UY,-34.6667,-54.9167,289.34,85,26,1.86,scattered clouds
torbay,CA,47.6666,-52.7314,269.58,79,75,8.75,broken clouds
shetpe,KZ,44.1667,52.1167,290.19,33,17,1.0,few clouds
olinda,BR,-8.0089,-34.8553,300.0,69,40,3.09,scattered clouds
antsohihy,MG,-14.8796,47.9875,304.72,57,67,0.62,broken clouds
belmonte,BR,-15.8631,-38.8828,296.87,91,46,1.86,scattered clouds
cape town,ZA,-33.9258,18.4232,302.64,41,0,1.54,clear sky
ipora,BR,-16.4419,-51.1178,292.16,88,7,1.54,clear sky
georgetown,MY,5.4112,100.3354,305.11,70,20,5.14,few clouds
umm lajj,SA,25.0213,37.2685,298.42,60,2,7.04,clear sky
lchashen,AM,40.5176,44.9319,284.17,35,11,5.85,few clouds
ribeira grande,PT,38.5167,-28.7,289.37,77,75,5.36,broken clouds
faya,SA,18.3851,42.4509,295.21,46,12,5.08,few clouds
jamestown,US,42.097,-79.2353,284.92,71,100,7.2,overcast clouds
garissa,KE,-0.4536,39.6401,304.36,52,57,2.38,broken clouds
beyneu,KZ,45.3167,55.2,291.52,32,19,2.3,few clouds
codrington,AU,-38.2667,141.9667,290.57,71,100,4.94,overcast clouds
luderitz,NA,-26.6481,15.1594,294.23,71,39,4.0,scattered clouds
youghal,IE,51.95,-7.8506,282.71,90,40,5.86,scattered clouds
polczyn-zdroj,PL,53.7642,16.0957,280.98,41,5,2.26,clear sky
chuy,UY,-33.6971,-53.4616,289.93,69,100,3.07,overcast clouds
ponta delgada,PT,37.7333,-25.6667,288.55,94,75,2.57,broken clouds
birao,CF,10.2849,22.7882,312.96,5,67,5.6,broken clouds
bicazu ardelean,RO,46.85,25.9333,275.4,97,100,1.85,overcast clouds
carutapera,BR,-1.195,-46.02,297.45,91,99,2.61,overcast clouds
saint-philippe,RE,-21.3585,55.7679,302.66,80,92,3.94,light rain
skibbereen,IE,51.55,-9.2667,283.21,68,41,3.51,scattered clouds
palencia,ES,42.4167,-4.5,286.37,16,0,3.73,clear sky
beloha,MG,-25.1667,45.05,306.54,39,59,3.47,broken clouds
damietta,EG,31.4165,31.8133,292.09,52,0,3.05,clear sky
gamba,GA,-2.65,10.0,301.88,74,100,3.06,overcast clouds
dingle,PH,10.9995,122.6711,299.44,73,100,3.45,overcast clouds
takoradi,GH,4.8845,-1.7554,303.22,65,100,2.24,overcast clouds
arraial do cabo,BR,-22.9661,-42.0278,296.07,94,20,1.54,mist
kashan,IR,33.9831,51.4364,300.57,11,6,5.15,clear sky
mar del plata,AR,-38.0023,-57.5575,292.52,78,0,7.15,clear sky
ponta do sol,PT,32.6667,-17.1,295.21,50,2,1.42,clear sky
zomba,MW,-15.386,35.3188,296.09,77,98,0.96,overcast clouds
durban,ZA,-29.8579,31.0292,299.66,71,7,2.24,clear sky
saldanha,ZA,-33.0117,17.9442,306.18,50,71,4.23,broken clouds
arlit,NE,18.7369,7.3853,310.05,5,70,2.75,broken clouds
iranshahr,IR,27.2025,60.6848,305.34,14,20,2.06,few clouds
bonthe,SL,7.5264,-12.505,302.79,60,31,0.58,scattered clouds
touros,BR,-5.1989,-35.4608,298.24,87,98,4.26,overcast clouds
nortelandia,BR,-14.4547,-56.8028,294.84,99,99,2.21,overcast clouds
areka,ET,7.0667,37.7,297.83,54,100,2.02,light rain
vila velha,BR,-20.3297,-40.2925,296.45,98,100,1.03,mist
bredasdorp,ZA,-34.5322,20.0403,305.51,22,49,1.18,scattered clouds
east london,ZA,-33.0153,27.9116,299.67,57,0,5.14,clear sky
tonj,SS,7.2737,28.6822,313.18,19,100,1.8,overcast clouds
saint-malo,FR,48.5,-1.8333,285.12,77,96,5.04,overcast clouds
nara,JP,34.6851,135.8049,293.8,73,100,2.05,light rain
sao filipe,CV,14.8961,-24.4956,295.65,77,94,3.22,overcast clouds
newala,TZ,-10.9431,39.2787,297.27,80,85,1.43,light rain
meybod,IR,32.2501,54.0166,301.16,9,0,3.41,clear sky
lagoa,PT,39.05,-27.9833,287.97,85,70,6.72,broken clouds
parati,BR,-23.2178,-44.7131,294.63,94,19,1.17,few clouds
hermanus,ZA,-34.4187,19.2345,304.15,47,58,2.77,broken clouds
grindavik,IS,63.8424,-22.4338,277.12,93,40,4.12,scattered clouds
gidole,ET,5.65,37.3667,295.11,45,67,1.56,broken clouds
rio grande,BR,-32.035,-52.0986,293.86,59,100,5.5,overcast clouds
rocha,UY,-34.4833,-54.3333,285.45,85,14,0.74,few clouds
kutum,SD,14.2,24.6667,305.23,6,91,6.4,overcast clouds
nobres,BR,-14.7203,-56.3275,294.41,99,100,2.15,overcast clouds
tshikapa,CD,-6.4167,20.8,297.31,81,100,1.8,overcast clouds
rawson,AR,-43.3002,-65.1023,290.76,46,74,0.97,broken clouds
saint george,US,37.1041,-113.5841,276.48,44,0,3.6,clear sky
severnoye,RU,56.3491,78.3619,279.69,81,29,5.5,scattered clouds
awbari,LY,26.5921,12.7805,308.38,4,100,12.89,overcast clouds
ghanzi,BW,-21.5667,21.7833,302.76,30,0,3.81,clear sky
camacha,PT,33.0833,-16.3333,290.83,63,20,7.72,few clouds
danielskuil,ZA,-28.1887,23.5395,299.28,23,0,3.86,clear sky
port alfred,ZA,-33.5906,26.891,302.0,45,1,7.11,clear sky
praia da vitoria,PT,38.7333,-27.0667,289.68,88,40,4.54,scattered clouds
lamu,KE,-2.2717,40.902,306.27,65,100,4.54,overcast clouds
angoche,MZ,-16.2325,39.9086,300.96,69,98,4.62,overcast clouds
maceio,BR,-9.6658,-35.7353,296.84,94,40,0.51,scattered clouds
namibe,AO,-15.1961,12.1522,301.2,72,84,2.73,broken clouds
ifakara,TZ,-8.1333,36.6833,297.48,88,100,2.19,light rain
santa cruz de tenerife,ES,28.4682,-16.2546,294.05,72,75,9.26,broken clouds
ndele,CF,8.4109,20.6473,312.25,12,42,2.65,scattered clouds
itupiranga,BR,-5.1347,-49.3267,297.33,98,100,0.96,overcast clouds
chipinge,ZW,-20.1883,32.6236,295.6,44,0,3.18,clear sky
kruisfontein,ZA,-34.0033,24.7314,308.67,13,0,5.31,clear sky
port-gentil,GA,-0.7193,8.7815,304.13,74,40,5.66,scattered clouds
vila franca do campo,PT,37.7167,-25.4333,288.38,86,100,1.12,overcast clouds
ventspils,LV,57.3894,21.5606,275.11,100,100,4.63,overcast clouds
bani walid,LY,31.7566,13.9942,292.2,44,60,8.74,broken clouds
traismauer,AT,48.3519,15.7635,282.47,46,35,3.9,scattered clouds
iguape,BR,-24.7081,-47.5553,295.79,83,97,1.59,overcast clouds
kelo,TD,9.3086,15.8066,313.1,10,97,1.07,overcast clouds
lubango,AO,-14.9172,13.4925,296.07,64,75,3.09,broken clouds
sambava,MG,-14.2667,50.1667,301.88,67,27,4.88,scattered clouds
victoria,HK,22.2855,114.1577,301.04,88,27,1.34,scattered clouds
bathsheba,BB,13.2167,-59.5167,298.49,78,40,7.72,scattered clouds
porto novo,BJ,6.4965,2.6036,304.05,58,54,4.58,broken clouds
rundu,NA,-17.9333,19.7667,304.07,28,58,2.87,broken clouds
nanortalik,GL,60.1432,-45.2371,272.18,88,100,1.3,overcast clouds
jalu,LY,29.0331,21.5482,303.47,10,82,9.73,broken clouds
gat,IL,31.61,34.7642,294.7,24,0,4.03,clear sky
thohoyandou,ZA,-22.9456,30.485,299.05,42,12,2.21,few clouds
caravelas,BR,-17.7125,-39.2481,296.59,94,37,1.79,scattered clouds
pedra azul,BR,-16.0053,-41.2972,292.64,93,44,0.75,scattered clouds
mega,ET,4.05,38.3,297.41,40,100,6.57,overcast clouds
mwingi,KE,-0.9344,38.0601,300.53,51,43,3.12,scattered clouds
flic en flac,MU,-20.2742,57.3631,302.88,68,69,0.58,broken clouds
lyubymivka,UA,46.8106,33.5686,279.77,70,100,7.11,overcast clouds
falesti,MD,47.5736,27.7092,274.9,100,100,5.81,light snow
leeds,GB,53.7964,-1.5477,285.0,76,40,7.2,scattered clouds
disna,BY,55.568,28.1971,283.03,78,39,5.89,scattered clouds
conde,BR,-7.2597,-34.9075,296.85,94,20,2.06,few clouds
akdepe,TM,42.0551,59.3788,293.2,24,89,2.08,overcast clouds
kirovskiy,RU,45.0917,133.5136,278.37,89,100,1.93,moderate rain
ushuaia,AR,-54.8,-68.3,277.96,65,40,3.09,scattered clouds
parana,AR,-31.732,-60.5238,293.46,86,92,2.48,overcast clouds
pervomayskiy,RU,53.2485,40.2871,289.58,46,95,5.7,overcast clouds
koundara,GN,12.4833,-13.3,305.31,31,22,2.06,few clouds
morbach,DE,49.8167,7.1167,283.63,49,0,5.66,clear sky
micheweni,TZ,-4.9667,39.8333,302.5,65,100,1.03,overcast clouds
saint anthony,US,45.0205,-93.218,268.52,73,0,6.69,clear sky
bereda,ES,43.2686,-7.5406,286.56,63,4,2.1,clear sky
constantine,DZ,36.365,6.6147,284.82,58,20,2.06,few clouds
plettenberg bay,ZA,-34.0527,23.3716,303.59,32,0,1.1,clear sky
bardiyah,LY,31.7561,25.0865,295.37,36,9,4.57,clear sky
dagda,LV,56.0951,27.5372,281.16,85,57,4.78,broken clouds
kalemie,CD,-5.9475,29.1947,295.58,82,100,1.52,overcast clouds
baherden,TM,38.4362,57.4316,297.62,24,57,1.61,broken clouds
oistins,BB,13.0667,-59.5333,298.2,78,40,7.72,scattered clouds
goundam,ML,16.4145,-3.6708,306.72,9,65,4.71,broken clouds
mut,TR,36.6439,33.4389,292.06,36,6,1.16,light rain
sinazongwe,ZM,-17.2614,27.4618,299.54,61,89,4.9,overcast clouds
taoudenni,ML,22.6783,-3.9836,298.65,25,0,7.59,clear sky
tessalit,ML,20.1986,1.0114,304.92,8,64,3.07,broken clouds
tabou,CI,4.423,-7.3528,302.78,67,63,2.35,broken clouds
koungou,YT,-12.7336,45.2042,303.99,70,75,2.06,light rain
teguise,ES,29.0605,-13.564,292.27,60,20,9.77,few clouds
port elizabeth,ZA,-33.918,25.5701,303.88,47,0,3.13,clear sky
los llanos de aridane,ES,28.6585,-17.9182,292.01,80,0,4.63,clear sky
zvishavane,ZW,-20.3267,30.0665,298.1,39,0,3.92,clear sky
nkongsamba,CM,4.9547,9.9404,299.02,75,99,1.43,light rain
rafraf,TN,37.1904,10.1837,288.33,52,68,5.56,broken clouds
buraydah,SA,26.326,43.975,304.4,15,89,4.79,overcast clouds
sunyani,GH,7.3399,-2.3268,302.89,60,92,1.62,overcast clouds
prainha,BR,-1.8,-53.48,295.62,98,100,1.52,overcast clouds
kondoa,TZ,-4.9,35.7833,298.62,50,100,3.51,overcast clouds
monte alegre,BR,-2.0078,-54.0692,295.91,97,100,2.2,overcast clouds
xai-xai,MZ,-25.0519,33.6442,297.51,78,13,6.74,moderate rain
beni suef,EG,29.0731,31.0979,299.1,17,1,6.16,clear sky
hobyo,SO,5.3505,48.5268,303.72,60,80,4.96,broken clouds
teixeira,BR,-7.2228,-37.2542,293.53,79,82,2.31,broken clouds
chama,CH,47.1821,8.4636,284.46,52,0,1.54,clear sky
aqtobe,KZ,50.2797,57.2072,293.2,26,0,2.0,clear sky
osterburg,DE,52.7833,11.7667,283.78,41,1,4.91,clear sky
knysna,ZA,-34.0363,23.0471,306.18,22,0,0.88,clear sky
chiredzi,ZW,-21.05,31.6667,300.3,38,0,3.09,clear sky
kangaba,ML,11.9333,-8.4167,308.01,29,79,2.97,broken clouds
dosso,NE,13.049,3.1937,309.94,25,29,2.22,scattered clouds
dori,BF,14.0354,-0.0345,308.97,28,27,6.53,scattered clouds
tenenkou,ML,14.4572,-4.9169,305.05,30,98,3.26,overcast clouds
ivangorod,RU,59.3716,28.2162,278.09,82,100,3.92,overcast clouds
sonthofen,DE,47.5167,10.2833,281.86,42,4,1.34,clear sky
itaporanga,BR,-7.3044,-38.1503,297.51,73,94,1.14,overcast clouds
maraba,BR,-5.3686,-49.1178,297.25,100,75,0.0,moderate rain
diveyevo,RU,55.0433,43.2418,283.43,64,57,6.25,broken clouds
daura,NG,11.5538,11.4085,311.15,6,66,6.86,broken clouds
diebougou,BF,10.9667,-3.25,301.92,52,95,3.08,overcast clouds
macapa,BR,0.0389,-51.0664,298.14,94,75,2.06,broken clouds
voznesenskoye,RU,54.89,42.7569,285.35,57,44,5.68,scattered clouds
richards bay,ZA,-28.783,32.0377,297.77,67,68,2.77,broken clouds
waddan,LY,29.1614,16.139,300.86,14,52,6.28,broken clouds
qandala,SO,11.472,49.8728,303.54,56,10,3.97,clear sky
kaniama,CD,-7.5667,24.1833,293.59,95,100,1.17,moderate rain
umm kaddadah,SD,13.6017,26.6876,308.94,5,86,9.58,overcast clouds
abomsa,ET,9.9833,39.9833,301.34,43,88,3.96,overcast clouds
nizwa,OM,22.9333,57.5333,304.28,15,0,4.81,clear sky
luau,AO,-10.7073,22.2247,297.0,75,97,2.47,light rain
colares,PT,38.7992,-9.4469,293.96,61,20,5.81,few clouds
tandil,AR,-37.3217,-59.1332,286.62,93,93,3.09,overcast clouds
bria,CF,6.5423,21.9863,310.52,28,99,1.53,overcast clouds
kayes,ML,14.0,-11.0,307.35,8,32,4.06,scattered clouds
falciu,RO,46.2961,28.1408,275.06,100,100,4.16,light rain
soure,BR,-0.7167,-48.5233,297.83,86,100,3.56,heavy intensity rain
bressuire,FR,46.9167,-0.5,285.35,80,94,4.38,overcast clouds
sao joao da barra,BR,-21.6403,-41.0511,296.2,89,36,2.15,scattered clouds
cap malheureux,MU,-19.9842,57.6142,302.3,68,38,4.77,scattered clouds
praia,CV,14.9215,-23.5087,296.45,68,40,9.77,scattered clouds
passira,BR,-7.995,-35.5806,297.52,78,94,2.33,overcast clouds
ngara,TZ,-2.5122,30.6558,288.76,90,100,0.45,light rain
emba,KZ,48.8264,58.1442,289.83,41,100,2.58,overcast clouds
marzuq,YE,14.4,46.4667,301.69,33,63,3.96,broken clouds
quchan,IR,37.106,58.5095,293.75,20,72,9.42,broken clouds
terra santa,BR,-2.1042,-56.4869,295.66,96,100,1.19,heavy intensity rain
songea,TZ,-10.6833,35.65,295.79,78,75,2.06,light rain
pocone,BR,-16.2567,-56.6228,294.99,98,100,1.89,overcast clouds
daoukro,CI,7.0591,-3.9631,304.24,55,71,1.19,broken clouds
hofn,IS,64.2539,-15.2082,278.12,67,92,0.93,overcast clouds
ribeira brava,PT,32.65,-17.0667,295.21,50,1,1.13,clear sky
cidreira,BR,-30.1811,-50.2056,294.17,72,100,5.92,overcast clouds
siyabuswa,ZA,-25.1132,29.0445,298.73,33,0,0.57,clear sky
nouadhibou,MR,20.931,-17.0347,292.14,72,0,9.26,clear sky
chokwe,MZ,-24.5333,32.9833,300.97,51,28,5.12,scattered clouds
orbetello,IT,42.4408,11.2196,284.89,43,0,2.49,clear sky
betare oya,CM,5.6,14.0833,301.23,52,100,2.49,overcast clouds
joacaba,BR,-27.1781,-51.5047,290.81,100,100,0.94,light rain
maralal,KE,1.0968,36.698,296.3,45,18,4.49,few clouds
margate,GB,51.3813,1.3862,284.75,92,100,1.79,overcast clouds
saquarema,BR,-22.92,-42.5103,297.17,87,42,0.89,scattered clouds
luba,GQ,3.4568,8.5547,299.42,85,100,0.91,light rain
adrar,MR,20.5022,-10.0711,294.7,37,13,5.88,few clouds
mumbwa,ZM,-14.9783,27.0619,298.82,49,86,3.62,overcast clouds
saint-louis,SN,16.3333,-15.0,297.95,17,99,6.44,overcast clouds
jega,NG,12.2175,4.3792,309.48,25,88,1.7,overcast clouds
baoma,CN,31.4859,106.1128,292.18,42,72,1.9,broken clouds
menongue,AO,-14.6585,17.691,300.62,42,69,4.24,broken clouds
maromitsa,RU,59.8683,48.0123,272.69,75,100,4.15,overcast clouds
san jose,US,37.3394,-121.895,280.85,82,0,4.02,clear sky
bernay,FR,49.1667,0.6667,285.09,87,97,4.47,overcast clouds
sur,OM,22.5667,59.5289,301.6,50,0,6.15,clear sky
elliot,ZA,-31.3333,27.85,298.29,25,0,1.31,clear sky
wlodawa,PL,51.55,23.55,273.68,98,100,5.59,snow
yenagoa,NG,4.9247,6.2642,304.83,60,100,2.53,light rain
paamiut,GL,61.994,-49.6678,270.83,69,31,1.76,scattered clouds
marabba,SD,12.35,32.1833,311.33,6,55,5.66,broken clouds
alexandria,EG,31.2156,29.9553,294.45,49,0,1.54,clear sky
konotop,UA,51.2403,33.2026,288.11,59,100,7.11,overcast clouds
laguna,US,38.421,-121.4238,281.92,83,61,1.23,broken clouds
eenhana,NA,-17.4667,16.3333,303.68,33,100,1.9,overcast clouds
jacareacanga,BR,-6.2222,-57.7528,294.75,100,97,1.11,moderate rain
salinopolis,BR,-0.6136,-47.3561,298.2,84,100,4.05,overcast clouds
verin,ES,41.9415,-7.4381,289.57,39,1,1.21,clear sky
bandarbeyla,SO,9.4942,50.8122,302.69,66,61,4.85,broken clouds
westport,US,41.1415,-73.3579,284.92,92,100,1.79,overcast clouds
santa maria da vitoria,BR,-13.3947,-44.1886,295.96,66,72,0.89,broken clouds
amapa,BR,1.0,-52.0,292.83,98,100,0.84,overcast clouds
natal,BR,-5.795,-35.2094,297.51,100,75,3.09,broken clouds
kovernino,RU,57.1253,43.8142,279.34,53,24,4.66,few clouds
tamandare,BR,-8.7597,-35.1047,299.37,76,64,1.61,broken clouds
ouadda,CF,8.0777,22.4007,310.58,12,98,2.44,overcast clouds
cayenne,GF,4.9333,-52.3333,295.17,94,75,0.0,broken clouds
kingisepp,RU,59.3733,28.6134,278.29,82,100,3.92,overcast clouds
iseyin,NG,7.9667,3.6,304.78,49,70,3.27,broken clouds
quimper,FR,48.0,-4.1,285.47,82,100,3.09,overcast clouds
filadelfia,US,39.9523,-75.1638,292.19,86,100,2.57,overcast clouds
tsumeb,NA,-19.2333,17.7167,300.14,38,61,2.55,broken clouds
vastse-kuuste,EE,58.1669,26.9343,277.06,86,100,4.24,overcast clouds
lennestadt,DE,51.1167,8.0667,284.22,49,26,3.75,scattered clouds
vratnica,MK,42.1433,21.1169,276.0,55,79,2.6,broken clouds
juquia,BR,-24.3208,-47.6347,293.68,96,100,0.27,overcast clouds
binga,ZW,-17.6203,27.3414,300.25,53,45,4.06,scattered clouds
novaky,SK,48.7111,18.5339,279.51,34,99,4.35,overcast clouds
tabas,IR,33.5959,56.9244,301.97,10,0,2.34,clear sky
timizart,DZ,36.8,4.2667,289.63,26,0,3.55,clear sky
lodja,CD,-3.4833,23.4333,302.49,53,100,2.17,overcast clouds
maragogi,BR,-9.0122,-35.2225,298.84,79,75,0.56,broken clouds
altamira,BR,-3.2033,-52.2064,294.96,99,100,1.52,overcast clouds
araouane,ML,18.9048,-3.5265,301.18,15,98,5.48,overcast clouds
ambilobe,MG,-13.2,49.05,304.84,54,38,0.3,scattered clouds
lodwar,KE,3.1191,35.5973,306.49,33,96,7.3,overcast clouds
guzelyurt,TR,38.2772,34.3719,281.6,50,87,3.34,overcast clouds
abu zabad,SD,12.35,29.25,310.58,6,77,7.85,broken clouds
rome,US,34.257,-85.1647,292.3,84,20,0.89,few clouds
harlingen,US,26.1906,-97.6961,288.26,89,100,5.95,overcast clouds
luwingu,ZM,-10.2621,29.9271,293.11,83,100,2.68,overcast clouds
tabuleiro do norte,BR,-5.2467,-38.1306,297.94,84,52,2.27,broken clouds
kibala,TD,9.1104,18.3463,307.12,46,0,4.12,clear sky
aguas formosas,BR,-17.0822,-40.9358,294.52,93,69,1.02,broken clouds
balad,IQ,34.0164,44.1453,299.4,24,0,5.73,clear sky
nuuk,GL,64.1835,-51.7216,264.05,56,77,6.88,broken clouds
kirkwall,GB,58.9848,-2.9587,281.46,93,75,0.51,light intensity drizzle rain
moussoro,TD,13.6408,16.4901,313.39,6,41,6.35,scattered clouds
imbituba,BR,-28.24,-48.6703,295.29,82,100,2.59,overcast clouds
domoni,KM,-12.2569,44.5319,301.27,76,60,0.41,moderate rain
salalah,OM,17.0151,54.0924,302.73,48,8,4.27,clear sky
tasiilaq,GL,65.6145,-37.6368,267.88,92,100,5.11,light snow
kuito,AO,-12.3833,16.9333,291.8,81,98,2.87,overcast clouds
schwalmstadt,DE,50.9333,9.2167,283.82,48,50,4.8,scattered clouds
mbanza-ngungu,CD,-5.25,14.8667,296.43,84,100,2.16,overcast clouds
dospat,BG,41.65,24.1667,277.82,68,74,1.43,broken clouds
mauriti,BR,-7.3892,-38.7744,296.68,74,70,1.25,broken clouds
cervo,ES,43.6702,-7.4101,285.74,63,39,2.56,scattered clouds
kakhovka,UA,46.8137,33.487,279.89,70,100,7.16,overcast clouds
hounde,BF,11.5,-3.5167,303.78,48,98,5.49,overcast clouds
bam,IR,29.106,58.357,301.77,9,0,4.23,clear sky
camapua,BR,-19.5314,-54.0439,293.25,90,82,1.21,broken clouds
magaria,NE,12.9983,8.9099,310.16,5,80,5.94,broken clouds
cururupu,BR,-1.8283,-44.8683,296.25,98,100,0.69,overcast clouds
kikerino,RU,59.4667,29.6333,276.88,93,100,3.73,overcast clouds
atkinson,US,42.8384,-71.147,277.07,90,100,0.45,overcast clouds
turayf,SA,31.6725,38.6637,290.29,25,0,2.06,clear sky
marystown,CA,47.1666,-55.1483,270.29,100,100,3.58,overcast clouds
mutoko,ZW,-17.397,32.2268,299.5,41,40,1.11,scattered clouds
kushchevskaya,RU,46.5564,39.6386,288.22,84,100,2.11,light rain
chornukhy,UA,50.2673,32.942,285.68,77,100,7.17,overcast clouds
canakkale,TR,40.0833,26.8333,282.17,80,100,1.16,light rain
bretten,DE,49.0392,8.7028,284.23,42,62,0.85,broken clouds
axim,GH,4.8699,-2.2405,303.4,63,94,2.39,overcast clouds
odweyne,SO,9.4092,45.064,302.24,34,92,2.87,overcast clouds
barreirinhas,BR,-2.7469,-42.8264,297.89,90,100,1.49,overcast clouds
cabrobo,BR,-8.5142,-39.31,295.66,78,100,5.74,overcast clouds
ronneby,SE,56.21,15.276,278.43,70,40,4.12,scattered clouds
saint-pierre,RE,-21.3393,55.4781,302.14,70,99,7.72,moderate rain
luanda,AO,-8.8368,13.2343,303.15,70,75,3.09,broken clouds
mwinilunga,ZM,-11.7358,24.4293,295.95,67,99,3.6,light rain
coruripe,BR,-10.1256,-36.1756,298.61,80,97,1.51,overcast clouds
vredendal,ZA,-31.6683,18.5012,309.29,7,75,5.65,broken clouds
babayurt,RU,43.6002,46.7789,286.26,69,100,2.11,light rain
kuryk,KZ,43.2,51.65,290.39,35,99,1.02,overcast clouds
beni,CD,0.5,29.4667,301.09,45,100,2.25,overcast clouds
vangaindrano,MG,-23.35,47.6,298.01,88,100,2.4,moderate rain
burriana,ES,39.889,-0.085,294.24,65,52,1.34,broken clouds
ankpa,NG,7.3706,7.6253,306.51,45,82,3.16,broken clouds
tiznit,MA,29.5833,-9.5,288.43,75,81,1.02,broken clouds
isiro,CD,2.7739,27.616,304.44,40,100,2.05,overcast clouds
racale,IT,39.9631,18.0938,283.62,67,100,10.32,overcast clouds
odienne,CI,9.51,-7.5692,306.37,38,39,1.37,scattered clouds
olafsvik,IS,64.8945,-23.7142,277.57,75,65,4.84,light rain
sarkikaraagac,TR,38.0794,31.3664,284.31,40,41,5.06,scattered clouds
sabratah,LY,32.7933,12.4885,289.88,48,29,7.24,scattered clouds
santa cruz cabralia,BR,-16.2781,-39.0247,297.28,94,40,2.06,scattered clouds
sebezh,RU,56.2955,28.4654,278.81,88,83,4.51,broken clouds
gweta,BW,-20.1833,25.2333,301.44,37,1,3.55,clear sky
bad wurzach,DE,47.9,9.9,283.52,43,2,2.78,clear sky
san bartolome de tirajana,ES,27.9248,-15.5733,290.41,50,0,10.29,clear sky
mafeteng,LS,-29.823,27.2374,296.18,20,0,2.48,clear sky
obo,CF,5.3998,26.4869,309.64,29,97,1.81,overcast clouds
bauchi,NG,10.5,10.0,310.4,5,36,2.95,scattered clouds
krasnovka,RU,48.8177,40.0923,288.63,51,100,4.76,overcast clouds
enkoping,SE,59.6361,17.0777,276.07,65,96,2.09,overcast clouds
ebolowa,CM,2.9,11.15,299.93,76,100,0.53,light rain
ambanja,MG,-13.6833,48.45,304.11,77,64,2.03,light rain
muritiba,BR,-12.9167,-39.25,295.31,93,76,1.63,broken clouds
sinop,TR,41.7711,34.8709,278.4,96,100,1.95,overcast clouds
bako,ET,5.7833,36.5667,299.41,53,64,0.88,light rain
harper,LR,4.375,-7.7169,302.72,68,80,2.37,broken clouds
potoci,BA,43.4086,17.8786,283.88,32,20,2.06,few clouds
la carlota,PH,10.4233,122.9208,300.97,63,86,3.41,overcast clouds
ginda,IN,30.6945,78.4932,293.83,18,3,2.71,clear sky
camopi,GF,3.1655,-52.3158,292.99,92,100,1.02,overcast clouds
bafq,IR,31.6128,55.4107,301.86,9,1,2.42,clear sky
ngaoundere,CM,7.3167,13.5833,306.82,24,98,1.31,overcast clouds
nyimba,ZM,-14.5566,30.8149,299.3,58,95,1.09,overcast clouds
mbuji-mayi,CD,-6.15,23.6,295.52,88,100,1.32,overcast clouds
aswan,EG,24.0934,32.907,300.76,17,0,3.6,clear sky
riga,LV,57.0,24.0833,278.19,88,100,2.57,overcast clouds
aketi,CD,2.7388,23.7833,308.57,36,98,1.3,overcast clouds
pouso alegre,BR,-22.23,-45.9364,289.73,96,34,0.68,scattered clouds
dehloran,IR,32.6941,47.2679,302.14,18,62,5.18,broken clouds
marawi,PH,7.9986,124.2928,293.02,91,68,1.32,broken clouds
puerto del rosario,ES,28.5004,-13.8627,294.01,56,20,11.32,few clouds
kamina,CD,-8.7386,24.9906,292.84,93,100,1.78,light rain
doha,QA,25.2867,51.5333,301.14,42,0,4.12,clear sky
guiratinga,BR,-16.3494,-53.7583,293.36,90,58,0.98,broken clouds
save,BJ,8.0425,2.486,306.46,43,42,3.17,scattered clouds
dieppe,FR,49.75,1.1667,283.72,83,94,0.45,overcast clouds
gashua,NG,12.871,11.0482,311.44,5,58,6.19,broken clouds
lomovka,RU,53.9194,58.3672,286.22,50,33,2.67,light rain
hedaru,TZ,-4.5,37.9,303.75,44,100,0.37,light rain
aguilas,ES,37.4063,-1.5829,290.84,43,8,6.44,clear sky
grootfontein,NA,-19.5667,18.1167,300.91,39,84,3.6,broken clouds
pemba,MZ,-12.974,40.5178,302.54,74,75,5.81,light rain
saint-augustin,CA,51.226,-58.6502,265.91,68,73,2.75,broken clouds
ruwi,OM,23.5996,58.5507,301.14,53,0,5.63,clear sky
jinka,ET,5.65,36.65,299.54,48,72,1.85,light rain
mecca,SA,21.4267,39.8261,306.79,32,5,5.67,clear sky
kalaleh,IR,37.3807,55.4916,298.93,47,20,7.2,few clouds
zaltan,LY,32.947,11.8665,289.65,49,6,7.58,clear sky
ostashkov,RU,57.1467,33.1075,278.57,78,100,4.46,overcast clouds
plymouth,US,41.8334,-70.8328,281.29,85,100,0.0,mist
mahanoro,MG,-19.9,48.8,298.52,85,100,0.51,light rain
bubaque,GW,11.2833,-15.8333,298.65,65,69,1.58,broken clouds
macia,MZ,-25.0269,33.0989,299.5,58,35,5.56,light rain
korem,ET,12.5058,39.5228,291.98,61,91,3.66,overcast clouds
galdar,ES,28.147,-15.6502,295.43,59,6,6.13,clear sky
santa maria do suacui,BR,-18.1903,-42.4142,292.55,86,19,0.17,few clouds
balkanabat,TM,39.5108,54.3671,296.98,24,45,1.04,scattered clouds
gairo,IT,39.8497,9.5047,283.8,32,0,1.47,clear sky
hihya,EG,30.6713,31.588,298.56,24,0,3.15,clear sky
dzaoudzi,YT,-12.7887,45.2699,304.09,70,75,2.06,light rain
vestmannaeyjar,IS,63.4427,-20.2734,278.29,68,97,4.92,overcast clouds
inhapim,BR,-19.5492,-42.12,292.97,92,15,0.41,few clouds
qobustan,AZ,40.0824,49.412,289.15,54,6,8.85,clear sky
dodoma,TZ,-6.1722,35.7395,298.36,61,85,1.84,light rain
dordrecht,NL,51.81,4.6736,282.07,82,100,2.24,light rain
gao,ML,16.6362,1.637,310.56,6,80,6.33,broken clouds
molokovo,RU,58.1661,36.7628,276.78,76,23,4.89,few clouds
ilula,TZ,-7.6766,36.0366,291.87,92,100,1.16,light rain
kindu,CD,-2.95,25.95,302.13,53,100,2.6,overcast clouds
itarema,BR,-2.9248,-39.9167,297.85,87,97,1.48,overcast clouds
meaux,FR,48.9167,3.0,282.76,86,100,4.73,overcast clouds
port shepstone,ZA,-30.7414,30.455,297.35,64,0,8.03,clear sky
hryshkivtsi,UA,49.9353,28.6038,279.89,100,100,5.47,light rain
poroshkovo,UA,48.6683,22.7533,273.71,65,100,3.31,overcast clouds
melfi,IT,40.9965,15.6514,278.98,61,93,5.23,overcast clouds
beira,MZ,-19.8436,34.8389,299.36,54,0,3.49,clear sky
ostroleka,PL,53.0862,21.5757,275.89,87,100,6.44,overcast clouds
grand-santi,GF,4.25,-54.3833,292.57,96,75,0.77,broken clouds
morondava,MG,-20.2833,44.2833,301.0,74,10,3.19,light rain
abonnema,NG,4.7084,6.7931,302.85,68,100,1.81,light rain
montepuez,MZ,-13.1256,38.9997,299.06,60,67,3.16,broken clouds
benin,BJ,9.5,2.25,307.39,40,99,2.47,overcast clouds
wajir,KE,1.7471,40.0573,305.8,44,77,3.87,broken clouds
kasempa,ZM,-13.4584,25.8338,296.64,54,91,4.21,overcast clouds
atar,MR,20.5169,-13.0499,296.13,39,1,5.28,clear sky
corner brook,CA,48.9667,-57.9484,265.36,93,88,1.64,overcast clouds
omboue,GA,-1.5746,9.2618,303.13,68,100,3.18,overcast clouds
muros,ES,42.7762,-9.0603,291.53,30,4,3.07,clear sky
awjilah,LY,29.1081,21.2869,303.76,10,98,9.84,overcast clouds
ambovombe,MG,-25.1667,46.0833,302.17,62,55,5.8,broken clouds
arzgir,RU,45.3728,44.2206,288.34,35,100,1.47,overcast clouds
sabha,LY,27.0377,14.4283,306.84,6,79,12.64,broken clouds
ewo,CG,-0.8725,14.8206,300.91,67,100,2.57,overcast clouds
njombe,TZ,-9.3333,34.7667,287.21,98,100,2.71,light rain
necochea,AR,-38.5473,-58.7368,287.24,83,2,5.05,clear sky
esfarayen,IR,37.0765,57.5101,292.73,23,57,4.3,broken clouds
anloga,GH,5.7947,0.8973,302.67,71,83,5.15,broken clouds
kolyshley,RU,52.7005,44.5367,289.36,38,100,5.4,overcast clouds
tonekabon,IR,36.8163,50.8738,290.12,63,2,2.69,clear sky
upington,ZA,-28.4478,21.2561,304.49,18,4,6.99,clear sky
barbastro,ES,42.0356,0.1269,287.25,36,31,2.2,scattered clouds
gorom-gorom,BF,14.4439,-0.2361,308.73,31,14,8.05,few clouds
maxixe,MZ,-23.8597,35.3472,299.73,61,12,4.47,light rain
sao raimundo nonato,BR,-9.0153,-42.6994,297.34,69,95,1.58,overcast clouds
kousseri,CM,12.0769,15.0306,313.27,7,26,6.52,scattered clouds
guaratuba,BR,-25.8828,-48.5747,294.96,86,100,1.91,overcast clouds
waldbrol,DE,50.8833,7.6167,284.89,55,85,1.79,overcast clouds
locri,IT,38.2414,16.2623,285.89,65,38,0.94,scattered clouds
qena,EG,26.1615,32.7183,303.8,10,1,6.95,clear sky
manjacaze,MZ,-24.7117,33.8828,298.1,70,17,5.97,light rain
walvis bay,NA,-22.9575,14.5053,295.13,64,43,4.71,scattered clouds
tsogni,GA,-2.7942,10.0988,301.35,75,100,2.76,overcast clouds
aleksandrov gay,RU,50.147,48.5704,292.5,29,29,6.11,scattered clouds
elesbao veloso,BR,-6.2019,-42.1403,295.94,84,98,0.51,light rain
soyo,AO,-6.1349,12.3689,302.56,68,100,1.29,overcast clouds
krivyanskaya,RU,47.3963,40.1662,288.65,54,100,3.31,overcast clouds
aktanysh,RU,55.7216,54.0829,279.39,74,97,7.03,overcast clouds
lleida,ES,41.6167,0.6167,289.42,58,20,3.09,few clouds
lebyazhye,RU,55.2689,66.4947,288.31,48,70,4.5,broken clouds
robertsport,LR,6.7533,-11.3686,301.16,76,46,1.38,scattered clouds
channel-port aux basques,CA,47.5702,-59.1367,270.94,72,100,5.23,overcast clouds
springbok,ZA,-29.6643,17.8865,304.77,8,61,6.39,broken clouds
kang,BW,-23.6752,22.7876,301.31,33,0,4.5,clear sky
beroroha,MG,-21.6667,45.1667,304.73,52,90,1.17,light rain
bonfim,BR,3.0833,-59.95,296.2,77,21,3.85,few clouds
inongo,CD,-1.95,18.2667,298.97,72,100,4.25,overcast clouds
bonneville,FR,46.0802,6.4073,284.24,40,100,1.31,overcast clouds
bay roberts,CA,47.5999,-53.2648,270.0,77,36,1.79,scattered clouds
nova olimpia,BR,-14.7972,-57.2881,294.51,99,100,1.47,overcast clouds
caapucu,PY,-26.2167,-57.2,292.4,98,100,2.27,overcast clouds
ciacova,RO,45.5081,21.1286,279.16,56,100,5.56,overcast clouds
jibuti,DJ,11.5,42.5,302.16,51,70,7.35,broken clouds
funtua,NG,11.5233,7.3081,308.21,5,35,4.08,scattered clouds
mwanza,TZ,-2.5167,32.9,299.13,53,56,3.65,broken clouds
naron,ES,43.5167,-8.1528,287.54,46,27,2.37,scattered clouds
shubarkuduk,KZ,49.1447,56.4872,291.94,28,99,2.3,overcast clouds
sinnamary,GF,5.3833,-52.95,298.33,68,99,5.31,overcast clouds
horlivka,UA,48.347,38.0542,285.82,68,100,4.81,light rain
mungaa,TZ,-4.9667,34.8833,296.28,59,92,2.93,light rain
sidi ali,DZ,36.0998,0.4206,290.66,27,70,4.65,broken clouds
bara,NG,10.3744,10.7288,311.18,5,83,1.61,broken clouds
lannion,FR,48.75,-3.4167,286.12,87,100,5.14,overcast clouds
riyadh,SA,24.6877,46.7219,304.76,11,67,2.36,broken clouds
otukpo,NG,7.1913,8.1329,307.36,43,66,3.43,broken clouds
faxinal,BR,-24.0003,-51.3194,289.77,86,100,2.28,overcast clouds
serik,TR,36.9169,31.0989,292.29,48,0,4.03,clear sky
ibipeba,BR,-11.6408,-42.0111,292.96,88,59,3.48,broken clouds
edea,CM,3.8,10.1333,305.11,60,97,2.04,light rain
morshansk,RU,53.4435,41.8107,288.55,54,98,5.43,overcast clouds
nioro,GM,13.35,-15.75,304.95,13,51,4.5,broken clouds
arona,ES,28.0996,-16.681,292.11,70,0,2.06,clear sky
la baule-escoublac,FR,47.2922,-2.364,284.96,91,100,5.14,overcast clouds
arak,IR,34.0917,49.6892,291.99,22,62,11.9,broken clouds
yambio,SS,4.5721,28.3955,309.78,26,100,2.14,overcast clouds
altos,BR,-5.0381,-42.46,295.88,94,86,0.59,overcast clouds
kozmodemyansk,RU,56.3367,46.5711,280.52,54,60,5.7,broken clouds
biltine,TD,14.5333,20.9167,312.9,6,50,5.31,scattered clouds
bouna,CI,9.2667,-3.0,302.27,53,100,1.11,overcast clouds
tahta,EG,26.7693,31.5021,302.01,9,0,7.92,clear sky
piracicaba,BR,-22.7253,-47.6492,290.25,93,73,1.93,broken clouds
mansa,IN,29.9833,75.3833,305.87,15,0,3.97,clear sky
corinto,GR,37.9407,22.9573,287.53,46,37,2.63,scattered clouds
caucaia,BR,-3.7361,-38.6531,297.12,86,75,3.09,moderate rain
fernandopolis,BR,-20.2839,-50.2464,292.0,93,29,3.38,scattered clouds
kambove,CD,-10.8764,26.5969,291.91,93,99,3.62,light rain
saint-leu,RE,-21.15,55.2833,303.61,98,93,1.05,light rain
bonavista,CA,48.6499,-53.1147,268.61,83,12,7.62,few clouds
beinamar,TD,8.6698,15.3813,312.39,12,91,1.04,overcast clouds
winburg,ZA,-28.518,27.0093,297.9,22,0,0.93,clear sky
khudumelapye,BW,-23.8833,24.75,300.02,33,0,3.63,clear sky
sao pedro do sul,BR,-29.6206,-54.1789,290.25,86,100,3.11,moderate rain
goderich,CA,43.7501,-81.7165,277.54,77,44,6.77,scattered clouds
stornoway,GB,58.2093,-6.3865,283.11,77,40,4.63,scattered clouds
oussouye,SN,12.485,-16.5469,303.33,23,46,4.28,scattered clouds
afikpo,NG,5.8931,7.9374,305.77,53,98,2.92,overcast clouds
darab,IR,28.7519,54.5444,297.92,15,0,4.47,clear sky
kishi,NG,9.0833,3.85,306.6,40,95,3.04,overcast clouds
mazzarino,IT,37.3043,14.2141,283.93,49,38,5.02,scattered clouds
vesyegonsk,RU,58.664,37.2604,276.74,72,38,4.25,scattered clouds
xacmaz,AZ,41.4635,48.806,287.9,53,49,5.59,scattered clouds
soller,ES,39.7662,2.7152,292.51,43,27,1.34,scattered clouds
oum hadjer,TD,13.2954,19.6966,313.45,11,91,5.25,overcast clouds
saint-francois,FR,46.4154,3.9054,285.19,58,0,2.57,clear sky
ergani,TR,38.2653,39.7621,287.25,52,25,7.18,scattered clouds
sacile,IT,45.9541,12.5029,286.19,41,5,2.4,clear sky
presidencia roque saenz pena,AR,-26.7852,-60.4388,291.77,98,100,1.57,overcast clouds
zavetnoye,RU,47.1194,43.8903,290.01,44,100,0.83,overcast clouds
presidente epitacio,BR,-21.7633,-52.1156,293.09,86,99,4.37,overcast clouds
radlje ob dravi,SI,46.6142,15.2264,283.41,29,19,1.57,few clouds
tutoia,BR,-2.7619,-42.2744,298.36,86,94,2.26,overcast clouds
formosa,AR,-26.1775,-58.1781,293.69,95,100,1.34,overcast clouds
uuemoisa,EE,58.9394,23.5894,279.84,85,100,3.79,overcast clouds
cascais,PT,38.6979,-9.4215,294.05,58,0,5.81,clear sky
mora,CM,11.0461,14.1401,311.36,8,51,4.74,broken clouds
buchanan,LR,5.8808,-10.0467,302.92,67,25,1.99,scattered clouds
madina,GH,5.6823,-0.1641,304.27,56,74,3.48,broken clouds
whitley bay,GB,55.0397,-1.4471,283.44,76,40,7.2,scattered clouds
thiadiaye,SN,14.4205,-16.7056,298.6,23,83,5.84,broken clouds
abu kamal,SY,34.4506,40.9171,294.92,28,0,3.78,clear sky
soweto,ZA,-26.2678,27.8585,297.95,38,0,0.51,clear sky
linhares,BR,-19.3911,-40.0722,296.21,86,13,1.55,few clouds
tortoli,IT,39.9256,9.6572,287.35,46,1,2.45,clear sky
balykshi,KZ,47.0667,51.8667,294.15,19,0,3.0,clear sky
shakawe,BW,-18.3667,21.85,303.61,35,17,3.87,few clouds
farafangana,MG,-22.8167,47.8333,298.3,85,100,2.17,light rain
oranjemund,NA,-28.55,16.4333,297.03,57,35,4.73,scattered clouds
tougue,GN,11.4667,-11.6,305.14,18,62,1.19,broken clouds
aguas belas,BR,-9.1114,-37.1231,295.11,81,100,1.46,overcast clouds
parchim,DE,53.4263,11.8488,282.99,49,7,5.16,clear sky
sao sebastiao,BR,-23.76,-45.4097,294.91,87,61,1.11,broken clouds
stephenville crossing,CA,48.5,-58.4318,270.49,86,100,4.61,overcast clouds
bilma,NE,18.6853,12.9164,309.66,5,51,5.3,broken clouds
poli,TZ,-3.3333,36.8,295.67,60,96,1.38,light rain
najran,SA,17.4924,44.1277,302.45,23,78,1.9,broken clouds
asyut,EG,27.181,31.1837,301.25,11,0,7.2,clear sky
vila do maio,CV,15.1333,-23.2167,297.59,76,100,7.87,overcast clouds
bafoulabe,ML,13.8065,-10.8321,308.44,8,22,2.95,few clouds
yelabuga,RU,55.7613,52.0649,285.9,65,99,6.1,overcast clouds
inhambane,MZ,-23.865,35.3833,299.62,62,11,4.6,light rain
vadinsk,RU,53.6916,43.0574,287.01,60,77,6.23,broken clouds
ampanihy,MG,-24.7,44.75,304.85,44,44,1.95,light rain
garowe,SO,8.4054,48.4845,305.79,32,100,3.34,overcast clouds
benghazi,LY,32.1167,20.0667,293.45,48,88,4.14,overcast clouds
penzance,GB,50.1186,-5.5371,284.53,93,40,7.72,scattered clouds
kvarkeno,RU,52.0833,59.725,289.24,37,30,2.26,scattered clouds
kilindoni,TZ,-7.9139,39.6668,300.51,72,100,2.28,light rain
tacuarembo,UY,-31.7333,-55.9833,287.24,93,100,3.02,overcast clouds
treinta y tres,UY,-33.2333,-54.3833,285.9,89,100,2.02,overcast clouds
bezhta,RU,42.1338,46.1283,281.15,76,14,2.73,light rain
natalio,PY,-26.7167,-55.0833,290.58,99,100,0.96,light rain
jeremoabo,BR,-10.075,-38.4808,295.12,85,96,2.26,overcast clouds
eyl,SO,7.9803,49.8164,304.07,58,99,5.79,overcast clouds
wismar,DE,53.9,11.4667,283.42,47,15,3.58,few clouds
esfahan,IR,32.6572,51.6776,295.95,11,3,2.29,clear sky
barra do garcas,BR,-15.89,-52.2567,294.49,89,71,0.77,broken clouds
rostov,RU,57.1914,39.4139,280.75,51,20,5.95,few clouds
nkoteng,CM,4.5167,12.0333,304.17,53,98,1.47,overcast clouds
kembe,CF,4.6228,21.8865,306.84,39,98,2.48,overcast clouds
drumnadrochit,GB,57.3344,-4.4799,284.58,88,100,2.28,overcast clouds
opuwo,NA,-18.0607,13.84,304.17,28,100,3.95,overcast clouds
konstantinovo,BY,54.6628,29.2699,281.68,82,97,6.15,overcast clouds
kinsale,IE,51.7075,-8.5306,282.75,70,25,5.14,scattered clouds
great yarmouth,GB,52.6083,1.7305,284.51,95,100,4.8,light rain
kandi,BJ,11.1342,2.9386,309.3,32,87,2.6,overcast clouds
crixas,BR,-14.5489,-49.9692,293.67,89,9,1.27,clear sky
elbistan,TR,38.2059,37.1983,281.64,77,52,4.24,broken clouds
pontes e lacerda,BR,-15.2261,-59.3353,293.93,99,100,1.23,overcast clouds
basoko,CD,1.2391,23.616,304.92,47,100,2.23,overcast clouds
birjand,IR,32.8663,59.2211,295.4,13,0,6.38,clear sky
outjo,NA,-20.1167,16.15,304.18,21,3,2.96,clear sky
bosaso,SO,11.2842,49.1816,305.3,48,13,4.34,few clouds
borba,BR,-4.3878,-59.5939,295.66,99,100,0.98,overcast clouds
rwamagana,RW,-1.9487,30.4347,292.51,77,100,0.91,light rain
ilhabela,BR,-23.7781,-45.3581,295.16,86,52,1.37,broken clouds
tyulyachi,RU,55.8913,50.2399,279.05,69,97,6.82,overcast clouds
sao goncalo do amarante,BR,-3.6072,-38.9683,296.55,92,97,1.24,overcast clouds
la spezia,IT,44.1105,9.8434,287.25,46,3,1.34,clear sky
sao jose da coroa grande,BR,-8.8978,-35.1478,299.21,77,65,1.36,broken clouds
wolsztyn,PL,52.1155,16.1171,282.55,40,19,2.49,few clouds
novodugino,RU,55.6305,34.2842,279.33,80,100,6.06,overcast clouds
isaka,TZ,-3.9,32.9333,297.72,70,86,1.65,moderate rain
tete,MZ,-16.1564,33.5867,300.2,61,75,3.09,broken clouds
dakar,SN,14.6937,-17.4441,298.64,80,98,6.51,overcast clouds
malanje,AO,-9.5402,16.341,294.23,82,98,1.77,overcast clouds
lucapa,AO,-8.4192,20.7447,297.76,66,100,0.66,overcast clouds
kimberley,ZA,-28.7323,24.7623,298.97,25,0,3.56,clear sky
uinskoye,RU,56.8817,56.5813,276.52,84,100,5.63,overcast clouds
yenotayevka,RU,47.2456,47.0281,291.47,32,79,2.86,broken clouds
askino,RU,56.0901,56.5783,277.58,87,100,5.37,overcast clouds
mizdah,LY,31.4451,12.9801,292.35,38,75,6.84,broken clouds
autazes,BR,-3.5797,-59.1306,295.28,99,96,1.08,overcast clouds
haverfordwest,GB,51.8017,-4.9691,283.92,83,22,2.24,few clouds
bridlington,GB,54.0831,-0.1919,284.76,95,100,4.57,light rain
mweka,CD,-4.85,21.5667,299.67,66,100,2.05,overcast clouds
zaliztsi,UA,49.7919,25.373,273.41,100,100,4.64,snow
topola,RS,44.2542,20.6825,279.57,88,82,5.06,broken clouds
bandiagara,ML,14.3501,-3.6104,306.96,31,83,4.78,broken clouds
kalabo,ZM,-14.97,22.6814,300.75,48,36,3.57,scattered clouds
yashkul,RU,46.1711,45.3435,291.37,34,100,0.94,overcast clouds
kilrush,IE,52.6397,-9.4833,282.22,76,18,4.53,few clouds
robe,AU,-37.1833,139.75,289.17,90,87,2.33,light rain
alta floresta,BR,-9.8756,-56.0861,293.29,98,65,1.1,broken clouds
huambo,AO,-12.7761,15.7392,296.28,55,73,4.04,broken clouds
maues,BR,-3.3836,-57.7186,295.88,98,100,1.19,overcast clouds
hwange,ZW,-18.3693,26.5019,302.92,39,4,3.18,clear sky
nieuw amsterdam,SR,5.8833,-55.0833,298.16,88,20,0.0,few clouds
sao joao evangelista,BR,-18.5478,-42.7633,291.78,90,15,0.9,few clouds
boras,SE,57.721,12.9401,275.99,70,99,5.08,overcast clouds
hare bay,CA,48.8499,-54.0148,266.32,88,19,3.76,few clouds
shahr-e kord,IR,32.3256,50.8644,290.12,16,1,2.84,clear sky
douentza,ML,14.9951,-2.9517,308.68,17,75,5.1,broken clouds
voljevac,BA,43.8786,17.6592,276.31,60,82,2.85,broken clouds
raga,SS,8.4596,25.678,311.9,8,100,2.81,overcast clouds
sakakah,SA,29.9697,40.2064,297.37,10,0,3.63,clear sky
semenivka,UA,52.1783,32.5818,287.12,62,100,8.11,overcast clouds
tiko,CM,4.0745,9.3699,302.39,73,100,1.05,light rain
pajusti,EE,59.2807,26.4119,276.91,92,99,3.15,overcast clouds
am timan,TD,11.0297,20.2827,313.32,7,45,5.37,scattered clouds
energetik,RU,51.7445,58.7934,289.41,36,69,1.0,broken clouds
manono,CD,-7.3,27.4167,293.49,99,100,2.45,heavy intensity rain
soubre,CI,5.7856,-6.6083,303.89,57,58,1.38,broken clouds
kerchevskiy,RU,59.946,56.2884,272.44,57,89,5.23,overcast clouds
maputo,MZ,-25.9653,32.5892,299.94,70,43,2.68,scattered clouds
alto araguaia,BR,-17.3147,-53.2153,292.26,90,89,1.52,overcast clouds
jose bonifacio,BR,-21.0528,-49.6883,291.46,92,31,2.86,scattered clouds
henties bay,NA,-22.116,14.2845,293.72,72,7,4.64,clear sky
mogadishu,SO,2.0371,45.3438,303.09,65,67,5.14,broken clouds
mattru,SL,7.6244,-11.8332,303.52,60,18,0.48,few clouds
lerwick,GB,60.1545,-1.1494,280.15,94,100,12.67,moderate rain
takaungu,KE,-3.6837,39.8566,304.4,57,100,4.04,overcast clouds
frontignan,FR,43.4485,3.754,289.25,30,40,2.6,scattered clouds
yola,NG,9.2,12.4833,312.29,9,80,2.98,broken clouds
nampula,MZ,-15.1165,39.2666,298.78,66,99,3.47,overcast clouds
karakulino,RU,56.012,53.7067,278.42,70,87,6.77,overcast clouds
tamale,GH,9.4008,-0.8393,305.24,48,91,3.37,overcast clouds
sidvokodvo,SZ,-26.6282,31.4202,298.53,50,2,2.35,clear sky
strimonikon,GR,41.05,23.3167,286.46,52,66,2.07,broken clouds
piacabucu,BR,-10.4056,-36.4344,298.46,83,100,1.1,light rain
saint-pierre-des-corps,FR,47.3833,0.7333,284.51,71,100,4.63,overcast clouds
spas-demensk,RU,54.4122,34.0226,284.29,68,100,5.79,overcast clouds
itabira,BR,-19.6192,-43.2269,290.44,97,52,0.2,broken clouds
aygedzor,AM,38.9785,46.2079,291.3,28,6,2.58,clear sky
sumbawanga,TZ,-7.9667,31.6167,291.96,85,76,1.52,light rain
ati,TD,13.2154,18.3353,314.24,9,49,3.5,scattered clouds
kilosa,TZ,-6.8333,36.9833,300.57,73,100,1.31,light rain
grao mogol,BR,-16.5594,-42.8897,291.72,82,53,1.32,broken clouds
smoljan,ME,43.0924,19.2286,270.44,81,89,2.35,overcast clouds
mayumba,GA,-3.432,10.6554,301.13,76,100,1.88,overcast clouds
petrykivka,UA,48.7298,34.6351,283.7,79,100,5.77,overcast clouds
bogo,PH,11.0517,124.0055,299.73,75,100,2.88,overcast clouds
cehegin,ES,38.0924,-1.7985,288.43,29,64,2.47,broken clouds
mariakani,KE,-3.8633,39.4736,307.06,39,100,1.7,overcast clouds
sao felix do xingu,BR,-6.6447,-51.995,294.48,99,95,0.25,overcast clouds
chopinzinho,BR,-25.8558,-52.5233,289.57,98,100,2.51,light rain
douala,CM,4.0483,9.7043,303.38,67,100,2.23,light rain
angouleme,FR,45.65,0.15,286.59,55,0,1.03,clear sky
abnub,EG,27.2696,31.1511,301.14,11,0,7.12,clear sky
karlskoga,SE,59.3267,14.5239,275.77,70,88,4.18,overcast clouds
ulundi,ZA,-28.3352,31.4162,298.84,46,36,1.97,scattered clouds
quelimane,MZ,-17.8786,36.8883,301.02,62,55,3.1,light rain
kidal,ML,18.4411,1.4078,308.1,5,47,0.55,scattered clouds
ibra,OM,22.6906,58.5334,303.93,13,0,4.92,clear sky
mandera,KE,3.9366,41.867,307.2,37,86,2.78,overcast clouds
preili,LV,56.2944,26.7246,281.38,83,65,5.35,broken clouds
mtambile,TZ,-5.3833,39.7,301.14,71,99,2.55,overcast clouds
minab,IR,27.1467,57.0801,302.14,38,0,5.98,clear sky
guarapari,BR,-20.6667,-40.4975,296.42,85,11,2.22,few clouds
yarim,YE,14.298,44.3779,289.17,63,79,3.33,light rain
monrovia,LR,6.3005,-10.7969,302.02,69,84,1.79,broken clouds
baranchinskiy,RU,58.1617,59.6991,277.63,57,100,5.25,overcast clouds
saint-georges,GD,12.0564,-61.7485,298.17,78,20,6.75,few clouds
senanga,ZM,-16.1167,23.2667,301.94,40,90,3.01,overcast clouds
asilah,MA,35.465,-6.0348,292.13,52,19,5.8,few clouds
antalaha,MG,-14.9003,50.2788,302.61,64,46,5.58,scattered clouds
scarborough,GB,54.2797,-0.4044,283.91,92,100,0.45,light rain
heilbron,ZA,-27.2812,27.9709,296.66,25,0,1.09,clear sky
umtata,ZA,-31.5889,28.7844,299.94,33,0,2.69,clear sky
calabar,NG,4.9517,8.322,303.82,65,90,1.27,overcast clouds
abdanan,IR,32.9926,47.4198,296.64,24,56,4.9,broken clouds
arenapolis,BR,-14.4503,-56.8461,294.77,99,100,2.22,overcast clouds
minas,UY,-34.3759,-55.2377,285.03,86,27,3.08,scattered clouds
guarda,PT,40.5373,-7.2658,292.01,27,9,3.68,clear sky
surt,LY,31.2089,16.5887,291.27,69,50,10.91,scattered clouds
hun,LY,29.1268,15.9477,301.31,14,50,6.67,scattered clouds
catalina,US,32.5056,-110.9211,282.0,24,0,1.81,clear sky
mabaruma,GY,8.2,-59.7833,294.41,96,62,0.94,broken clouds
bertinoro,IT,44.1469,12.1389,284.7,36,0,2.57,clear sky
abha,SA,18.2164,42.5053,293.29,56,40,5.14,scattered clouds
benguela,AO,-12.5763,13.4055,303.32,56,86,2.02,overcast clouds
ponazyrevo,RU,58.3578,46.3142,278.01,52,92,4.0,overcast clouds
mbeya,TZ,-8.9,33.45,291.33,92,99,1.12,light rain
melivoia,GR,39.75,22.8,283.36,84,100,4.38,overcast clouds
porteirinha,BR,-15.7433,-43.0283,294.56,78,35,1.87,scattered clouds
groningen,NL,53.25,6.75,284.31,51,0,4.12,clear sky
pervomaysk,UA,48.0443,30.8507,279.31,80,100,8.82,overcast clouds
uaua,BR,-9.8414,-39.4817,295.07,81,100,4.01,overcast clouds
gibraltar,GI,36.1447,-5.3526,291.12,59,20,9.77,few clouds
biharamulo,TZ,-2.6319,31.3089,292.12,87,100,0.18,light rain
glencoe,ZA,-28.1783,30.147,296.81,30,0,1.51,clear sky
madimba,TZ,-10.4,40.3333,300.34,83,98,3.76,moderate rain
koungheul,SN,13.9833,-14.8,305.34,12,98,4.48,overcast clouds
pandamatenga,BW,-18.5278,25.627,302.22,37,1,2.63,clear sky
urucara,BR,-2.5364,-57.76,295.5,99,96,1.25,light rain
mossendjo,CG,-2.9506,12.7261,302.16,61,98,1.9,overcast clouds
mwense,ZM,-10.3845,28.698,296.79,76,99,2.38,light rain
porto murtinho,BR,-21.6989,-57.8825,293.97,99,100,0.43,overcast clouds
las palmas,ES,28.4204,-14.0131,292.59,56,20,11.32,few clouds
methoni,GR,36.8197,21.7049,287.71,68,7,7.33,clear sky
manama,BH,26.2154,50.5832,307.25,53,0,3.09,clear sky
kayanga,TZ,-1.5303,31.1511,294.74,66,100,0.77,light rain
elek,HU,46.5333,21.25,278.23,70,100,5.82,overcast clouds
mbini,GQ,1.574,9.6134,302.57,69,95,3.27,overcast clouds
liepaja,LV,56.5419,21.0367,275.14,87,75,2.57,broken clouds
asfi,MA,32.2994,-9.2372,291.39,74,0,2.53,clear sky
sabzevar,IR,36.2126,57.6819,297.58,15,4,7.83,clear sky
shiraz,IR,29.6036,52.5388,296.84,17,0,0.0,clear sky
ravar,IR,31.2656,56.8055,299.65,9,0,3.1,clear sky
norwich,GB,52.6278,1.2983,284.52,94,100,3.6,mist
ondjiva,AO,-17.0667,15.7333,302.54,39,100,1.57,overcast clouds
bom jesus,BR,-9.0744,-44.3586,297.29,68,76,0.6,broken clouds
zlotow,PL,53.3635,17.0408,278.51,43,29,2.52,scattered clouds
oriximina,BR,-1.7656,-55.8661,295.75,94,100,1.75,heavy intensity rain
trairi,BR,-3.2778,-39.2689,297.06,91,83,1.94,broken clouds
makaryev,RU,57.8797,43.8069,278.29,53,85,4.11,overcast clouds
lopatino,RU,52.6195,45.8118,288.72,41,100,5.21,overcast clouds
sao joao dos patos,BR,-6.495,-43.7022,295.59,89,99,0.82,overcast clouds
buhovo,BG,42.7667,23.5667,280.13,56,75,7.72,broken clouds
camacupa,AO,-12.0167,17.4833,295.66,69,83,2.62,light rain
visby,SE,57.6409,18.296,277.61,65,40,2.57,scattered clouds
babenhausen,DE,49.9667,8.9578,285.73,43,96,2.38,overcast clouds
paslek,PL,54.0616,19.6593,277.35,60,100,4.35,overcast clouds
yako,BF,12.9667,-2.2667,303.81,42,99,4.01,overcast clouds
florianopolis,BR,-27.6146,-48.5012,293.93,85,100,3.6,moderate rain
