City,Country,Max Temp,Current Description,Lat,Lng,Hotel Name
shetpe,KZ,290.19,few clouds,44.1667,52.1167,Балумит
lchashen,AM,284.17,few clouds,40.5176,44.9319,"""Van"" Hotel"
jamestown,US,284.92,overcast clouds,42.097,-79.2353,DoubleTree Jamestown
beyneu,KZ,291.52,few clouds,45.3167,55.2,Johan yu
youghal,IE,282.71,scattered clouds,51.95,-7.8506,The Walter Raleigh Hotel
polczyn-zdroj,PL,280.98,clear sky,53.7642,16.0957,Polanin
chuy,UY,289.93,overcast clouds,-33.6971,-53.4616,Alerces
ponta delgada,PT,288.55,broken clouds,37.7333,-25.6667,Hotel Talisman
skibbereen,IE,283.21,scattered clouds,51.55,-9.2667,West Cork Hotel
mar del plata,AR,292.52,clear sky,-38.0023,-57.5575,Nuevo Ostende
ponta do sol,PT,295.21,clear sky,32.6667,-17.1,Estalagem Ponta do Sol
zomba,MW,296.09,overcast clouds,-15.386,35.3188,Zomba City Council Lodge
durban,ZA,299.66,clear sky,-29.8579,31.0292,Tudor
touros,BR,298.24,overcast clouds,-5.1989,-35.4608,Pousada Atlântico
areka,ET,297.83,light rain,7.0667,37.7,Selam Hotel
vila velha,BR,296.45,mist,-20.3297,-40.2925,Hotel Prainha
nara,JP,293.8,light rain,34.6851,135.8049,JWマリオットホテル奈良
sao filipe,CV,295.65,overcast clouds,14.8961,-24.4956,Bela Vista
lagoa,PT,287.97,broken clouds,39.05,-27.9833,Casa da Madrinha
parati,BR,294.63,few clouds,-23.2178,-44.7131,Solar dos Gerânios
grindavik,IS,277.12,scattered clouds,63.8424,-22.4338,The Retreat at Blue Lagoon Iceland
rio grande,BR,293.86,overcast clouds,-32.035,-52.0986,Hotel Vila Moura Executivo
rocha,UY,285.45,few clouds,-34.4833,-54.3333,Hotel Municipal
tshikapa,CD,297.31,overcast clouds,-6.4167,20.8,Hôtel TSHAMUNTU
rawson,AR,290.76,broken clouds,-43.3002,-65.1023,Hotel Deportivo
saint george,US,276.48,clear sky,37.1041,-113.5841,"The Advenire, an Autograph Collection Hotel"
camacha,PT,290.83,few clouds,33.0833,-16.3333,Praia Dourada
praia da vitoria,PT,289.68,scattered clouds,38.7333,-27.0667,Salles
maceio,BR,296.84,scattered clouds,-9.6658,-35.7353,Maceió Hostel e Pousada
ifakara,TZ,297.48,light rain,-8.1333,36.6833,Kilombero Mbega Resort
santa cruz de tenerife,ES,294.05,broken clouds,28.4682,-16.2546,Hotel Príncipe Paz
vila franca do campo,PT,288.38,overcast clouds,37.7167,-25.4333,Vinha d'Areia Beach Hotel
ventspils,LV,275.11,overcast clouds,57.3894,21.5606,Dzintarjūra
bani walid,LY,292.2,broken clouds,31.7566,13.9942,فندق الزيتونة
traismauer,AT,282.47,scattered clouds,48.3519,15.7635,Gasthof zum Schwan
iguape,BR,295.79,overcast clouds,-24.7081,-47.5553,Pousada dos Lampiões
lubango,AO,296.07,broken clouds,-14.9172,13.4925,Novo Hotel
bathsheba,BB,298.49,scattered clouds,13.2167,-59.5167,Atlantis Hotel
nanortalik,GL,272.18,overcast clouds,60.1432,-45.2371,Kap Farvel
thohoyandou,ZA,299.05,few clouds,-22.9456,30.485,Khoroni Hotel Casino and Convention Resort
caravelas,BR,296.59,scattered clouds,-17.7125,-39.2481,Pousada dos Navegantes
falesti,MD,274.9,light snow,47.5736,27.7092,Laguna
leeds,GB,285.0,scattered clouds,53.7964,-1.5477,The Queens Hotel
disna,BY,283.03,scattered clouds,55.568,28.1971,Дзісна
conde,BR,296.85,few clouds,-7.2597,-34.9075,Paladino
ushuaia,AR,277.96,scattered clouds,-54.8,-68.3,Apart Hotel Aires del Beagle
parana,AR,293.46,overcast clouds,-31.732,-60.5238,Grand Hotel Alvear
morbach,DE,283.63,clear sky,49.8167,7.1167,Best Western Hotel St. Michael
saint anthony,US,268.52,clear sky,45.0205,-93.218,Delta Hotels by Marriott
constantine,DZ,284.82,few clouds,36.365,6.6147,Hôtel El Hawa Talk
bardiyah,LY,295.37,clear sky,31.7561,25.0865,فندق البردي
dagda,LV,281.16,broken clouds,56.0951,27.5372,Uz salas glempings
kalemie,CD,295.58,overcast clouds,-5.9475,29.1947,Hotel du Lac
oistins,BB,298.2,scattered clouds,13.0667,-59.5333,The Abidah By Accra
mut,TR,292.06,light rain,36.6439,33.4389,Deveci Otel
sinazongwe,ZM,299.54,overcast clouds,-17.2614,27.4618,Lake View Lodge
teguise,ES,292.27,few clouds,29.0605,-13.564,Finca Las Laderas
los llanos de aridane,ES,292.01,clear sky,28.6585,-17.9182,Valle Aridane
zvishavane,ZW,298.1,clear sky,-20.3267,30.0665,Zvishavane Panorama Lodge
nkongsamba,CM,299.02,light rain,4.9547,9.9404,Mela Hotel
rafraf,TN,288.33,broken clouds,37.1904,10.1837,الحدائق البحر
beni suef,EG,299.1,clear sky,29.0731,31.0979,قاعة المؤتمرات
teixeira,BR,293.53,broken clouds,-7.2228,-37.2542,Hotel da Serra
chama,CH,284.46,clear sky,47.1821,8.4636,Bahnhof
aqtobe,KZ,293.2,clear sky,50.2797,57.2072,Fresh
osterburg,DE,283.78,clear sky,52.7833,11.7667,Hotel zum Kanzler
ivangorod,RU,278.09,overcast clouds,59.3716,28.2162,Тихий дворик
sonthofen,DE,281.86,clear sky,47.5167,10.2833,Kaisers kleines Stadthotel
itaporanga,BR,297.51,overcast clouds,-7.3044,-38.1503,Hotel Rainha do Vale
maraba,BR,297.25,moderate rain,-5.3686,-49.1178,Portobelo
macapa,BR,298.14,broken clouds,0.0389,-51.0664,Equatorial Hotel
richards bay,ZA,297.77,broken clouds,-28.783,32.0377,Protea Hotel
colares,PT,293.96,few clouds,38.7992,-9.4469,Hotel Arribas
tandil,AR,286.62,overcast clouds,-37.3217,-59.1332,Viñas del Rosario Hotel Boutique
falciu,RO,275.06,light rain,46.2961,28.1408,Paradis
soure,BR,297.83,heavy intensity rain,-0.7167,-48.5233,Hotel Marajó
sao joao da barra,BR,296.2,scattered clouds,-21.6403,-41.0511,Pousada Mediterrâneo
praia,CV,296.45,scattered clouds,14.9215,-23.5087,Casa Sodadi
quchan,IR,293.75,broken clouds,37.106,58.5095,هتل خیام
terra santa,BR,295.66,heavy intensity rain,-2.1042,-56.4869,Hotel Novo Horizonte
pocone,BR,294.99,overcast clouds,-16.2567,-56.6228,Andirah
hofn,IS,278.12,overcast clouds,64.2539,-15.2082,Guesthouse Dyngja
ribeira brava,PT,295.21,clear sky,32.65,-17.0667,Cheerfulway Bravamar Hotel
cidreira,BR,294.17,overcast clouds,-30.1811,-50.2056,Hotel Castelo
nouadhibou,MR,292.14,clear sky,20.931,-17.0347,Hotel valencia
orbetello,IT,284.89,clear sky,42.4408,11.2196,B&B La Pineta
joacaba,BR,290.81,light rain,-27.1781,-51.5047,Hotel Jaraguá
maralal,KE,296.3,few clouds,1.0968,36.698,Peacock Rest House
margate,GB,284.75,overcast clouds,51.3813,1.3862,The Reading Rooms
saquarema,BR,297.17,scattered clouds,-22.92,-42.5103,Pousada Garota de Itaúna
luba,GQ,299.42,light rain,3.4568,8.5547,Hotel Jones
mumbwa,ZM,298.82,overcast clouds,-14.9783,27.0619,La Hacienda
san jose,US,280.85,clear sky,37.3394,-121.895,Hotel De Anza
wlodawa,PL,273.68,snow,51.55,23.55,"""Skrzydlate Ranczo"" Agroturystyka Pokoje Gościnne Wakacje Nad Jeziorem Hotel Włodawa"
paamiut,GL,270.83,scattered clouds,61.994,-49.6678,Hotel Ivaana
alexandria,EG,294.45,clear sky,31.2156,29.9553,Smoha Zahran Haus (7th floor)
konotop,UA,288.11,overcast clouds,51.2403,33.2026,Украіна
laguna,US,281.92,broken clouds,38.421,-121.4238,Holiday Inn Express & Suites
jacareacanga,BR,294.75,moderate rain,-6.2222,-57.7528,Hotel São Cristovão
salinopolis,BR,298.2,overcast clouds,-0.6136,-47.3561,Hotel Salinópolis
verin,ES,289.57,clear sky,41.9415,-7.4381,Parador de Verín
westport,US,284.92,overcast clouds,41.1415,-73.3579,Norwalk Inn and Conference Center
santa maria da vitoria,BR,295.96,broken clouds,-13.3947,-44.1886,Hotel Passarela
natal,BR,297.51,broken clouds,-5.795,-35.2094,Natal Palace Hotel
tamandare,BR,299.37,broken clouds,-8.7597,-35.1047,Pousada Baia dos Corais
cayenne,GF,295.17,broken clouds,4.9333,-52.3333,Central Hôtel
kingisepp,RU,278.29,overcast clouds,59.3733,28.6134,Визит
quimper,FR,285.47,overcast clouds,48.0,-4.1,Hôtel Gradlon
filadelfia,US,292.19,overcast clouds,39.9523,-75.1638,"The Ritz-Carlton, Philadelphia"
lennestadt,DE,284.22,scattered clouds,51.1167,8.0667,Landhaus im Grund
maragogi,BR,298.84,broken clouds,-9.0122,-35.2225,Pousada Mariluz
altamira,BR,294.96,overcast clouds,-3.2033,-52.2064,Hotel Vale do Xingu
guzelyurt,TR,281.6,overcast clouds,38.2772,34.3719,Hotel Karballa
rome,US,292.3,few clouds,34.257,-85.1647,Days Inn by Wyndham Rome Downtown
harlingen,US,288.26,overcast clouds,26.1906,-97.6961,Holiday Inn Express
tabuleiro do norte,BR,297.94,broken clouds,-5.2467,-38.1306,Hotel Central 1
nuuk,GL,264.05,broken clouds,64.1835,-51.7216,Nordbo
kirkwall,GB,281.46,light intensity drizzle rain,58.9848,-2.9587,The Kirkwall Hotel
imbituba,BR,295.29,overcast clouds,-28.24,-48.6703,Silvestre Praia Hotel
tasiilaq,GL,267.88,light snow,65.6145,-37.6368,Angmagssalik
schwalmstadt,DE,283.82,scattered clouds,50.9333,9.2167,Hof Weidelbach
mbanza-ngungu,CD,296.43,overcast clouds,-5.25,14.8667,auberge la rose
dospat,BG,277.82,broken clouds,41.65,24.1667,Панорама
cervo,ES,285.74,scattered clouds,43.6702,-7.4101,Hotel Spa Galatea
turayf,SA,290.29,clear sky,31.6725,38.6637,Al-Mudwah
marystown,CA,270.29,overcast clouds,47.1666,-55.1483,Marystown Hotel & Convention Centre
bretten,DE,284.23,broken clouds,49.0392,8.7028,DORMERO Hotel Bretten
barreirinhas,BR,297.89,overcast clouds,-2.7469,-42.8264,Pousada Matriz
ronneby,SE,278.43,scattered clouds,56.21,15.276,David's Hill
babayurt,RU,286.26,light rain,43.6002,46.7789,Бабаюрт
kuryk,KZ,290.39,overcast clouds,43.2,51.65,Kuryk
vangaindrano,MG,298.01,moderate rain,-23.35,47.6,Fanilo
burriana,ES,294.24,broken clouds,39.889,-0.085,Hotel Aloha
racale,IT,283.62,overcast clouds,39.9631,18.0938,Hotel Al 2000
olafsvik,IS,277.57,light rain,64.8945,-23.7142,North Star Hotel Snæfellsnes
sarkikaraagac,TR,284.31,scattered clouds,38.0794,31.3664,Otel Korkusuz
sabratah,LY,289.88,scattered clouds,32.7933,12.4885,فندق قمر صبراتة
santa cruz cabralia,BR,297.28,scattered clouds,-16.2781,-39.0247,Campo Bahia Resort
sebezh,RU,278.81,broken clouds,56.2955,28.4654,Прибалтийский
bad wurzach,DE,283.52,clear sky,47.9,9.9,Gesundheitshotel Rössle
san bartolome de tirajana,ES,290.41,clear sky,27.9248,-15.5733,Las Tirajanas San Bartolomé de Tirajana
mafeteng,LS,296.18,clear sky,-29.823,27.2374,Mafeteng Hotel
enkoping,SE,276.07,overcast clouds,59.6361,17.0777,First Hotel Park Astoria
ebolowa,CM,299.93,light rain,2.9,11.15,Hôtel le Relais
bako,ET,299.41,light rain,5.7833,36.5667,Goh Hotel
potoci,BA,283.88,few clouds,43.4086,17.8786,Villa Anna
camopi,GF,292.99,overcast clouds,3.1655,-52.3158,Chez Lucia
nyimba,ZM,299.3,overcast clouds,-14.5566,30.8149,Dalitso Guesthouse
mbuji-mayi,CD,295.52,overcast clouds,-6.15,23.6,Hôtel Equinoxe
riga,LV,278.19,overcast clouds,57.0,24.0833,Hotel Jūrnieks
pouso alegre,BR,289.73,scattered clouds,-22.23,-45.9364,Hotel Cometa
marawi,PH,293.02,broken clouds,7.9986,124.2928,Marawi Resort Hotel
puerto del rosario,ES,294.01,few clouds,28.5004,-13.8627,Hotel Tamasite
kamina,CD,292.84,light rain,-8.7386,24.9906,Hôtel DG
lomovka,RU,286.22,light rain,53.9194,58.3672,"Отель ""Банкир"""
aguilas,ES,290.84,clear sky,37.4063,-1.5829,Hotel El Paso
ostashkov,RU,278.57,overcast clouds,57.1467,33.1075,Эпос
plymouth,US,281.29,mist,41.8334,-70.8328,Rodeway Inn Middleboro-Plymouth
mahanoro,MG,298.52,light rain,-19.9,48.8,Vanilla Bungalow
bubaque,GW,298.65,broken clouds,11.2833,-15.8333,Chez Julio
galdar,ES,295.43,clear sky,28.147,-15.6502,Hotel Agaldar
santa maria do suacui,BR,292.55,few clouds,-18.1903,-42.4142,Suaçuí Hotel
balkanabat,TM,296.98,scattered clouds,39.5108,54.3671,Nebitçi
vestmannaeyjar,IS,278.29,overcast clouds,63.4427,-20.2734,Westman Islands Inn
dodoma,TZ,298.36,light rain,-6.1722,35.7395,Hilton Lodge 2
dordrecht,NL,282.07,light rain,51.81,4.6736,Innercity Hotel
ilula,TZ,291.87,light rain,-7.6766,36.0366,Mkami Guest House
itarema,BR,297.85,overcast clouds,-2.9248,-39.9167,Pousada Oásis
port shepstone,ZA,297.35,clear sky,-30.7414,30.455,The Spot Backpackers'
hryshkivtsi,UA,279.89,light rain,49.9353,28.6038,Дежа Вю
melfi,IT,278.98,overcast clouds,40.9965,15.6514,Hotel Due Pini
beira,MZ,299.36,clear sky,-19.8436,34.8389,Hotel Savoy
ostroleka,PL,275.89,overcast clouds,53.0862,21.5757,Hotelik Ostrołęka
montepuez,MZ,299.06,broken clouds,-13.1256,38.9997,Complexo Messalo
kasempa,ZM,296.64,overcast clouds,-13.4584,25.8338,Kasmpa Council Guest House
atar,MR,296.13,clear sky,20.5169,-13.0499,فندق سكليل
muros,ES,291.53,clear sky,42.7762,-9.0603,Pensión Ría de Muros
njombe,TZ,287.21,light rain,-9.3333,34.7667,Dosmeza hotel
necochea,AR,287.24,clear sky,-38.5473,-58.7368,Cabañas Río Quequén
esfarayen,IR,292.73,broken clouds,37.0765,57.5101,هتل ساریگل
tonekabon,IR,290.12,clear sky,36.8163,50.8738,ساختمان پارسیان ۲
barbastro,ES,287.25,scattered clouds,42.0356,0.1269,Hotel Clemente
maxixe,MZ,299.73,light rain,-23.8597,35.3472,Hotel Herry
sao raimundo nonato,BR,297.34,overcast clouds,-9.0153,-42.6994,Pousada Zabelê
waldbrol,DE,284.89,overcast clouds,50.8833,7.6167,Hotel Boxberg
locri,IT,285.89,scattered clouds,38.2414,16.2623,Grand Hotel President
lleida,ES,289.42,few clouds,41.6167,0.6167,NH Pirineos
lebyazhye,RU,288.31,broken clouds,55.2689,66.4947,Гостиница
channel-port aux basques,CA,270.94,overcast clouds,47.5702,-59.1367,St. Christopher's Hotel
inongo,CD,298.97,overcast clouds,-1.95,18.2667,Chez LELE IYOLO
nova olimpia,BR,294.51,overcast clouds,-14.7972,-57.2881,Olímpia Hotel
naron,ES,287.54,scattered clouds,43.5167,-8.1528,PR Maragoto
sinnamary,GF,298.33,overcast clouds,5.3833,-52.95,Hôtel du fleuve
lannion,FR,286.12,overcast clouds,48.75,-3.4167,Hôtel Arcadia
arona,ES,292.11,clear sky,28.0996,-16.681,Hotel Rural La Correa
la baule-escoublac,FR,284.96,overcast clouds,47.2922,-2.364,Hôtel Les Tennis Men
arak,IR,291.99,broken clouds,34.0917,49.6892,هتل زاگرس
kozmodemyansk,RU,280.52,broken clouds,56.3367,46.5711,Лада
piracicaba,BR,290.25,broken clouds,-22.7253,-47.6492,New Life Apart Hotel
corinto,GR,287.53,scattered clouds,37.9407,22.9573,Apollon
fernandopolis,BR,292.0,scattered clouds,-20.2839,-50.2464,Sotam Hotel
bonavista,CA,268.61,few clouds,48.6499,-53.1147,Harbour Quarters Inn
sao pedro do sul,BR,290.25,moderate rain,-29.6206,-54.1789,Hotel Santa Clara
goderich,CA,277.54,scattered clouds,43.7501,-81.7165,Hotel Bedford
stornoway,GB,283.11,scattered clouds,58.2093,-6.3865,County Hotel
darab,IR,297.92,clear sky,28.7519,54.5444,محدوده هتل جهانگردی
vesyegonsk,RU,276.74,scattered clouds,58.664,37.2604,Гостиница Весь
xacmaz,AZ,287.9,scattered clouds,41.4635,48.806,Xaçmaz Otel
soller,ES,292.51,scattered clouds,39.7662,2.7152,La Vila
sacile,IT,286.19,clear sky,45.9541,12.5029,Hotel Due Leoni
presidencia roque saenz pena,AR,291.77,overcast clouds,-26.7852,-60.4388,Hotel Presidente
presidente epitacio,BR,293.09,overcast clouds,-21.7633,-52.1156,Pousada Orla do Sol
tutoia,BR,298.36,overcast clouds,-2.7619,-42.2744,Pousada San Vicente
formosa,AR,293.69,overcast clouds,-26.1775,-58.1781,Hotel Hostal del Rey
uuemoisa,EE,279.84,overcast clouds,58.9394,23.5894,Hermannuse maja
cascais,PT,294.05,clear sky,38.6979,-9.4215,Cascais Hotel
whitley bay,GB,283.44,scattered clouds,55.0397,-1.4471,Dunes Hotel
linhares,BR,296.21,few clouds,-19.3911,-40.0722,Days Inn Linhares
tortoli,IT,287.35,clear sky,39.9256,9.6572,La Corte
balykshi,KZ,294.15,clear sky,47.0667,51.8667,Арасан
farafangana,MG,298.3,light rain,-22.8167,47.8333,Le Concombre Masqué
aguas belas,BR,295.11,overcast clouds,-9.1114,-37.1231,Santa Maria
parchim,DE,282.99,clear sky,53.4263,11.8488,Stadtkrug
sao sebastiao,BR,294.91,broken clouds,-23.76,-45.4097,Hotel Arrastão
poli,TZ,295.67,light rain,-3.3333,36.8,Imful
vila do maio,CV,297.59,overcast clouds,15.1333,-23.2167,Residencial Jardins De Maio
yelabuga,RU,285.9,overcast clouds,55.7613,52.0649,Шишкинъ
inhambane,MZ,299.62,light rain,-23.865,35.3833,Hotel de Inhambane
benghazi,LY,293.45,overcast clouds,32.1167,20.0667,ترجاب
penzance,GB,284.53,scattered clouds,50.1186,-5.5371,The Abbey Hotel
tacuarembo,UY,287.24,overcast clouds,-31.7333,-55.9833,Hotel Carlos Gardel
natalio,PY,290.58,light rain,-26.7167,-55.0833,San Javier
wismar,DE,283.42,few clouds,53.9,11.4667,Hotel Am Alten Hafen
esfahan,IR,295.95,clear sky,32.6572,51.6776,هتل فیروزه
barra do garcas,BR,294.49,broken clouds,-15.89,-52.2567,Pousada Portal
rostov,RU,280.75,few clouds,57.1914,39.4139,Гостиница
drumnadrochit,GB,284.58,overcast clouds,57.3344,-4.4799,Drumnadrochit Hotel
kinsale,IE,282.75,scattered clouds,51.7075,-8.5306,Blue Haven
great yarmouth,GB,284.51,light rain,52.6083,1.7305,Classic Lodge
elbistan,TR,281.64,broken clouds,38.2059,37.1983,Ramada
pontes e lacerda,BR,293.93,overcast clouds,-15.2261,-59.3353,Hotel Avenida
birjand,IR,295.4,clear sky,32.8663,59.2211,مهمانسرای جهانگردی بیرجند
ilhabela,BR,295.16,broken clouds,-23.7781,-45.3581,Vila Kebaya
tyulyachi,RU,279.05,overcast clouds,55.8913,50.2399,Туган Авыл
la spezia,IT,287.25,clear sky,44.1105,9.8434,Hotel Ghironi
sao jose da coroa grande,BR,299.21,broken clouds,-8.8978,-35.1478,Hotel do Sol
wolsztyn,PL,282.55,few clouds,52.1155,16.1171,Kaukaska
dakar,SN,298.64,overcast clouds,14.6937,-17.4441,翁记小吃
malanje,AO,294.23,overcast clouds,-9.5402,16.341,Hotel PORTVGALIA
kimberley,ZA,298.97,clear sky,-28.7323,24.7623,Royal Paume Hotel
uinskoye,RU,276.52,overcast clouds,56.8817,56.5813,Гостиный двор
haverfordwest,GB,283.92,few clouds,51.8017,-4.9691,County Hotel
bridlington,GB,284.76,light rain,54.0831,-0.1919,Brunswick Hotel
alta floresta,BR,293.29,broken clouds,-9.8756,-56.0861,Villas Hotel
nieuw amsterdam,SR,298.16,few clouds,5.8833,-55.0833,Leonsberg Lodge
sao joao evangelista,BR,291.78,few clouds,-18.5478,-42.7633,Hotel Barbosa
boras,SE,275.99,overcast clouds,57.721,12.9401,Comfort Hotel Jazz
shahr-e kord,IR,290.12,clear sky,32.3256,50.8644,هتل دامون
sakakah,SA,297.37,clear sky,29.9697,40.2064,فندق النزل
energetik,RU,289.41,broken clouds,51.7445,58.7934,Волна
maputo,MZ,299.94,scattered clouds,-25.9653,32.5892,Mozaika
alto araguaia,BR,292.26,overcast clouds,-17.3147,-53.2153,Hotel Araguaia
lerwick,GB,280.15,moderate rain,60.1545,-1.1494,Grand Hotel
nampula,MZ,298.78,overcast clouds,-15.1165,39.2666,Hotel Lurio
sidvokodvo,SZ,298.53,clear sky,-26.6282,31.4202,Tums water world
piacabucu,BR,298.46,light rain,-10.4056,-36.4344,O Leão
saint-pierre-des-corps,FR,284.51,overcast clouds,47.3833,0.7333,Le Skippy
itabira,BR,290.44,broken clouds,-19.6192,-43.2269,Hotel Italia
sumbawanga,TZ,291.96,light rain,-7.9667,31.6167,Moravian Conference Centre
grao mogol,BR,291.72,broken clouds,-16.5594,-42.8897,Pousada do Eti
bogo,PH,299.73,overcast clouds,11.0517,124.0055,R&F Function
cehegin,ES,288.43,broken clouds,38.0924,-1.7985,Pensión España
sao felix do xingu,BR,294.48,overcast clouds,-6.6447,-51.995,Hotel Terraço
angouleme,FR,286.59,clear sky,45.65,0.15,appart city
karlskoga,SE,275.77,overcast clouds,59.3267,14.5239,Hotell Alfred Nobel
guarapari,BR,296.42,few clouds,-20.6667,-40.4975,Osmar Hotel
saint-georges,GD,298.17,few clouds,12.0564,-61.7485,Deyna's City Inn
asilah,MA,292.13,few clouds,35.465,-6.0348,Hotel Las Palmas
scarborough,GB,283.91,light rain,54.2797,-0.4044,The Victoria Hotel
abdanan,IR,296.64,broken clouds,32.9926,47.4198,هتل رستوران ستاره کبیرکوه
guarda,PT,292.01,clear sky,40.5373,-7.2658,Hotel Vanguarda
surt,LY,291.27,scattered clouds,31.2089,16.5887,فندق المدينة-سرت
catalina,US,282.0,clear sky,32.5056,-110.9211,Catalina Inn
mabaruma,GY,294.41,broken clouds,8.2,-59.7833,Monty Brooms Hotel
bertinoro,IT,284.7,clear sky,44.1469,12.1389,hotel Panorama
abha,SA,293.29,scattered clouds,18.2164,42.5053,SAHAB
mbeya,TZ,291.33,light rain,-8.9,33.45,Peace of Mind Rest House
uaua,BR,295.07,overcast clouds,-9.8414,-39.4817,Hotel Uauá
gibraltar,GI,291.12,few clouds,36.1447,-5.3526,Sunborn Gibraltar Yacht Hotel
biharamulo,TZ,292.12,light rain,-2.6319,31.3089,FURAHIA UMOJA BIHARAMULO
porto murtinho,BR,293.97,overcast clouds,-21.6989,-57.8825,Hotel Saladero Cuê
las palmas,ES,292.59,few clouds,28.4204,-14.0131,Era de La Corte
methoni,GR,287.71,clear sky,36.8197,21.7049,Hotel Ulysses
kayanga,TZ,294.74,light rain,-1.5303,31.1511,ELCT Hotel
liepaja,LV,275.14,broken clouds,56.5419,21.0367,Hotel Liepāja
asfi,MA,291.39,clear sky,32.2994,-9.2372,Golden Tulip Farah Safi
sabzevar,IR,297.58,clear sky,36.2126,57.6819,مامورسرا مخابرات سبزوار
shiraz,IR,296.84,clear sky,29.6036,52.5388,هتل نصیرالملک
ravar,IR,299.65,clear sky,31.2656,56.8055,زائر سرا راور
norwich,GB,284.52,mist,52.6278,1.2983,Travelodge
bom jesus,BR,297.29,broken clouds,-9.0744,-44.3586,Hotel Brasão
zlotow,PL,278.51,scattered clouds,53.3635,17.0408,Dom Polski
makaryev,RU,278.29,overcast clouds,57.8797,43.8069,Заря
visby,SE,277.61,scattered clouds,57.6409,18.296,Hotell Gute
babenhausen,DE,285.73,overcast clouds,49.9667,8.9578,Schwartzer Löwe
paslek,PL,277.35,overcast clouds,54.0616,19.6593,Hotelik 51
florianopolis,BR,293.93,moderate rain,-27.6146,-48.5012,Pousada Caminho da Lagoa
